festival_id,name,capacity,start_date,end_date,has_visitor_camp,status,city_id
1,Crystal Pulse Park,2337,2025-11-27,2025-12-04,True,Aktivan,506
2,Dream Storm Dome,96542,2025-11-07,2025-11-17,True,Zavrsen,725
3,Electric Jam Valley,31190,2025-11-29,2025-12-08,False,Aktivan,488
4,Sunset Vibes Garden,82388,2025-12-18,2025-12-28,True,Planiran,867
5,Wild Soul Plaza,61230,2025-12-12,2025-12-17,False,Planiran,775
6,Midnight Fest Hill,62770,2025-11-12,2025-11-21,True,Zavrsen,51
7,Radiant Wave Beach,77741,2025-11-13,2025-11-18,False,Zavrsen,364
8,Dream Fest Square,5612,2025-12-17,2025-12-23,False,Planiran,939
9,Jazz Storm Hill,70266,2025-12-30,2026-01-07,True,Planiran,503
10,Wild Vibes Dome,30598,2025-12-11,2025-12-19,True,Planiran,2
11,Lunar Soul Theater,57394,2025-11-14,2025-11-24,True,Zavrsen,279
12,Cosmic Fest Arena,10782,2025-11-21,2025-11-23,False,Zavrsen,491
13,Crystal Groove Theater,91786,2025-12-12,2025-12-17,True,Planiran,177
14,Rock Echo Garden,68158,2025-11-24,2025-11-28,True,Zavrsen,89
15,Nova Aura Oasis,8275,2025-12-03,2025-12-06,True,Aktivan,461
16,Rock Jam Theater,73405,2025-11-09,2025-11-19,False,Zavrsen,883
17,Rock Melody Beach,73629,2025-12-02,2025-12-04,False,Aktivan,626
18,Radiant Horizon Arena,91354,2025-12-17,2025-12-24,True,Planiran,353
19,Electric Horizon Dome,21493,2025-12-07,2025-12-15,False,Planiran,363
20,Nova Tempo Valley,53085,2025-11-08,2025-11-12,False,Zavrsen,509
21,Golden Fest Pier,92245,2025-12-05,2025-12-08,True,Planiran,945
22,Silent Vibes Field,81506,2025-11-02,2025-11-07,False,Zavrsen,685
23,Solar Aura Square,89940,2025-11-08,2025-11-12,False,Zavrsen,143
24,Golden Beats Oasis,77356,2025-11-04,2025-11-07,False,Zavrsen,417
25,Lunar Horizon Hall,15127,2025-11-21,2025-11-29,True,Zavrsen,435
26,Cosmic Tempo Field,86723,2025-12-18,2025-12-28,False,Planiran,565
27,Lunar Rhythm Beach,76806,2025-11-04,2025-11-07,True,Zavrsen,674
28,Cosmic Fest Garden,5463,2025-12-04,2025-12-08,True,Aktivan,76
29,Jazz Groove Theater,79218,2025-12-20,2025-12-21,False,Planiran,621
30,Jazz Vibes Beach,73683,2025-12-06,2025-12-11,True,Planiran,620
31,Harmony Sound Stage,49237,2025-11-24,2025-12-03,True,Zavrsen,471
32,Radiant Beats Court,53022,2025-11-29,2025-12-05,True,Aktivan,35
33,Electric Beats Dome,10800,2025-12-18,2025-12-26,True,Planiran,219
34,Golden Storm Court,6124,2025-12-10,2025-12-13,True,Planiran,433
35,Harmony Tempo Square,35650,2025-11-25,2025-11-30,True,Zavrsen,390
36,Harmony Rhythm Theater,7067,2025-12-01,2025-12-03,True,Zavrsen,807
37,Electric Melody Hall,3655,2025-11-05,2025-11-10,True,Zavrsen,473
38,Sunset Soul Oasis,724,2025-12-29,2026-01-04,False,Planiran,232
39,Wild Fest Garden,14922,2025-11-14,2025-11-18,True,Zavrsen,85
40,Harmony Pulse Hill,87761,2025-11-21,2025-11-22,True,Zavrsen,383
41,Midnight Horizon Theater,95702,2025-12-17,2025-12-21,False,Planiran,454
42,Cosmic Era Valley,3151,2025-12-14,2025-12-23,True,Planiran,971
43,Neon Era Garden,45082,2025-11-14,2025-11-23,False,Zavrsen,936
44,Silent Melody Arena,2754,2025-12-09,2025-12-18,True,Planiran,896
45,Cosmic Soul Theater,71289,2025-11-06,2025-11-10,False,Zavrsen,87
46,Radiant Harmony Hill,63581,2025-12-18,2025-12-25,False,Planiran,27
47,Rock Soul Arena,39814,2025-12-04,2025-12-08,False,Aktivan,805
48,Sunset Beats Theater,48412,2025-12-14,2025-12-18,True,Planiran,812
49,Radiant Wave Arena,45593,2025-11-11,2025-11-21,False,Zavrsen,474
50,Harmony Rhythm Park,44974,2025-11-05,2025-11-14,True,Zavrsen,851
51,Sunset Pulse Pier,21281,2025-11-09,2025-11-13,True,Zavrsen,517
52,Radiant Era Plaza,22868,2025-11-12,2025-11-20,False,Zavrsen,181
53,Rock Horizon Plaza,39948,2025-11-30,2025-12-09,False,Aktivan,403
54,Neon Wave Park,36578,2025-11-04,2025-11-07,False,Zavrsen,715
55,Lunar Sound Hill,77948,2025-12-03,2025-12-11,False,Aktivan,148
56,Solar Pulse Garden,22272,2025-12-21,2025-12-30,False,Planiran,455
57,Jazz Aura Theater,54701,2025-12-24,2025-12-30,False,Planiran,287
58,Silent Beats Hall,22015,2025-11-16,2025-11-25,False,Zavrsen,832
59,Neon Vibes Dome,64636,2025-11-29,2025-12-09,False,Aktivan,500
60,Solar Pulse Theater,3640,2025-12-29,2025-12-30,True,Planiran,617
61,Electric Jam Pier,56377,2025-11-28,2025-12-08,False,Aktivan,741
62,Midnight Beats Oasis,81712,2025-12-04,2025-12-12,True,Aktivan,530
63,Sunset Vibes Theater,56808,2025-11-18,2025-11-23,False,Zavrsen,145
64,Sunset Sound Court,19758,2025-11-20,2025-11-24,False,Zavrsen,230
65,Lunar Storm Arena,31076,2025-11-27,2025-12-02,True,Zavrsen,474
66,Electric Era Court,94091,2025-12-26,2026-01-01,True,Planiran,30
67,Dream Beats Arena,44846,2025-12-17,2025-12-20,True,Planiran,758
68,Golden Echo Theater,73177,2025-11-21,2025-12-01,True,Zavrsen,850
69,Silent Pulse Square,41597,2025-12-07,2025-12-09,True,Planiran,314
70,Rock Sound Pier,3074,2025-12-24,2026-01-03,True,Planiran,28
71,Crystal Groove Arena,93312,2025-11-08,2025-11-17,True,Zavrsen,559
72,Silent Era Hill,97242,2025-11-19,2025-11-29,True,Zavrsen,330
73,Cosmic Pulse Field,60929,2025-11-16,2025-11-20,True,Zavrsen,51
74,Sunset Rhythm Beach,65519,2025-11-05,2025-11-07,True,Zavrsen,414
75,Mystic Wave Theater,33900,2025-12-20,2025-12-30,False,Planiran,176
76,Midnight Rhythm Hall,75092,2025-12-14,2025-12-21,False,Planiran,937
77,Jazz Harmony Park,1762,2025-12-01,2025-12-09,True,Aktivan,845
78,Neon Vibes Plaza,43855,2025-12-28,2026-01-03,True,Planiran,897
79,Nova Storm Garden,36750,2025-11-22,2025-11-27,True,Zavrsen,898
80,Solar Rhythm Court,59017,2025-12-22,2025-12-23,False,Planiran,128
81,Nova Aura Theater,89446,2025-12-06,2025-12-10,False,Planiran,978
82,Wild Era Hill,79981,2025-11-26,2025-12-01,False,Zavrsen,901
83,Electric Fest Oasis,27515,2025-11-28,2025-12-02,True,Zavrsen,7
84,Solar Echo Dome,59445,2025-11-09,2025-11-18,False,Zavrsen,802
85,Harmony Melody Theater,54082,2025-11-17,2025-11-19,False,Zavrsen,281
86,Wild Echo Beach,31425,2025-11-07,2025-11-17,False,Zavrsen,440
87,Lunar Echo Field,33726,2025-11-18,2025-11-27,False,Zavrsen,181
88,Jazz Wave Oasis,69014,2025-11-11,2025-11-20,True,Zavrsen,356
89,Harmony Melody Court,28324,2025-12-25,2025-12-30,False,Planiran,428
90,Sunset Pulse Arena,49250,2025-11-25,2025-11-27,True,Zavrsen,278
91,Solar Groove Oasis,47687,2025-11-01,2025-11-04,False,Zavrsen,922
92,Cosmic Fest Hall,27993,2025-12-04,2025-12-11,True,Aktivan,109
93,Wild Groove Park,73381,2025-11-28,2025-12-04,True,Aktivan,682
94,Midnight Melody Garden,96362,2025-12-29,2026-01-04,False,Planiran,200
95,Radiant Echo Arena,15371,2025-12-01,2025-12-08,True,Aktivan,527
96,Golden Era Plaza,58451,2025-12-17,2025-12-21,True,Planiran,959
97,Electric Storm Garden,63421,2025-11-20,2025-11-27,False,Zavrsen,531
98,Wild Aura Valley,34714,2025-11-06,2025-11-16,True,Zavrsen,976
99,Lunar Tempo Hill,57684,2025-12-16,2025-12-19,True,Planiran,910
100,Harmony Fest Oasis,66741,2025-12-14,2025-12-17,True,Planiran,684
101,Mystic Fest Oasis,93136,2025-12-26,2025-12-28,True,Planiran,272
102,Sunset Beats Oasis,68763,2025-11-08,2025-11-10,False,Zavrsen,873
103,Golden Vibes Theater,99009,2025-11-20,2025-11-27,True,Zavrsen,355
104,Mystic Tempo Park,86452,2025-12-07,2025-12-09,True,Planiran,210
105,Silent Melody Beach,54676,2025-12-10,2025-12-11,True,Planiran,935
106,Dream Fest Park,55699,2025-11-06,2025-11-07,False,Zavrsen,64
107,Mystic Aura Oasis,95194,2025-11-19,2025-11-29,False,Zavrsen,283
108,Jazz Pulse Plaza,88300,2025-12-22,2025-12-24,False,Planiran,823
109,Neon Pulse Hall,71730,2025-11-04,2025-11-08,False,Zavrsen,178
110,Wild Beats Field,89438,2025-12-01,2025-12-03,True,Zavrsen,9
111,Crystal Tempo Theater,51652,2025-11-16,2025-11-20,True,Zavrsen,681
112,Nova Sound Hall,8525,2025-12-13,2025-12-14,False,Planiran,848
113,Harmony Rhythm Field,5150,2025-12-19,2025-12-21,False,Planiran,331
114,Sunset Pulse Theater,56720,2025-12-21,2025-12-27,True,Planiran,311
115,Radiant Aura Beach,52282,2025-11-03,2025-11-08,False,Zavrsen,585
116,Electric Harmony Park,52076,2025-12-10,2025-12-20,False,Planiran,520
117,Radiant Echo Dome,55726,2025-12-24,2026-01-02,True,Planiran,512
118,Crystal Tempo Field,26374,2025-11-19,2025-11-24,True,Zavrsen,917
119,Rock Jam Garden,61724,2025-11-13,2025-11-17,False,Zavrsen,208
120,Dream Rhythm Theater,80280,2025-11-13,2025-11-18,False,Zavrsen,679
121,Electric Soul Oasis,57345,2025-12-26,2026-01-03,False,Planiran,132
122,Dream Jam Hill,86084,2025-11-20,2025-11-26,True,Zavrsen,818
123,Mystic Wave Theater,10079,2025-11-22,2025-11-25,True,Zavrsen,924
124,Nova Soul Garden,65376,2025-12-21,2025-12-30,True,Planiran,194
125,Golden Harmony Hill,21781,2025-12-03,2025-12-05,False,Aktivan,721
126,Wild Era Oasis,17247,2025-12-04,2025-12-10,False,Aktivan,782
127,Solar Rhythm Field,82478,2025-12-04,2025-12-07,True,Aktivan,675
128,Radiant Sound Hall,96705,2025-11-08,2025-11-14,True,Zavrsen,985
129,Jazz Aura Garden,22241,2025-11-03,2025-11-09,False,Zavrsen,716
130,Cosmic Soul Square,92560,2025-12-06,2025-12-13,True,Planiran,625
131,Golden Aura Garden,36803,2025-11-18,2025-11-26,True,Zavrsen,588
132,Sunset Fest Hill,12854,2025-11-10,2025-11-12,True,Zavrsen,426
133,Jazz Harmony Hall,37597,2025-11-24,2025-11-27,False,Zavrsen,484
134,Jazz Rhythm Stage,83457,2025-12-27,2026-01-06,False,Planiran,957
135,Cosmic Melody Arena,21357,2025-11-11,2025-11-13,False,Zavrsen,755
136,Rock Storm Stage,47236,2025-11-02,2025-11-10,True,Zavrsen,448
137,Neon Beats Court,39257,2025-12-13,2025-12-22,False,Planiran,310
138,Cosmic Rhythm Park,29364,2025-11-23,2025-11-30,True,Zavrsen,190
139,Dream Rhythm Pier,9884,2025-12-07,2025-12-17,True,Planiran,774
140,Mystic Harmony Arena,57829,2025-11-03,2025-11-13,True,Zavrsen,58
141,Rock Groove Pier,91378,2025-11-29,2025-12-01,False,Zavrsen,628
142,Golden Era Garden,49470,2025-12-16,2025-12-24,True,Planiran,381
143,Silent Aura Beach,68307,2025-11-24,2025-11-29,True,Zavrsen,541
144,Midnight Sound Hill,80552,2025-11-04,2025-11-13,True,Zavrsen,934
145,Cosmic Melody Plaza,62767,2025-12-28,2026-01-04,True,Planiran,684
146,Neon Echo Field,31436,2025-12-25,2025-12-29,True,Planiran,201
147,Radiant Pulse Hall,69275,2025-12-09,2025-12-14,True,Planiran,784
148,Rock Storm Theater,99231,2025-11-03,2025-11-06,True,Zavrsen,652
149,Nova Vibes Square,17966,2025-11-20,2025-11-26,True,Zavrsen,195
150,Golden Soul Plaza,10760,2025-11-16,2025-11-25,True,Zavrsen,403
151,Midnight Storm Hill,29910,2025-11-15,2025-11-21,True,Zavrsen,183
152,Midnight Melody Valley,54771,2025-12-29,2026-01-07,False,Planiran,894
153,Dream Groove Court,14885,2025-12-16,2025-12-24,True,Planiran,879
154,Solar Pulse Court,96377,2025-12-03,2025-12-06,True,Aktivan,104
155,Electric Beats Dome,40056,2025-12-18,2025-12-28,True,Planiran,766
156,Neon Vibes Garden,65471,2025-12-10,2025-12-12,False,Planiran,677
157,Cosmic Rhythm Garden,31840,2025-11-21,2025-11-24,True,Zavrsen,306
158,Lunar Sound Park,90941,2025-12-24,2025-12-29,False,Planiran,270
159,Midnight Pulse Valley,9354,2025-11-14,2025-11-17,True,Zavrsen,533
160,Crystal Rhythm Park,61535,2025-11-23,2025-11-27,True,Zavrsen,338
161,Nova Era Garden,6557,2025-12-10,2025-12-15,False,Planiran,809
162,Golden Storm Dome,25504,2025-11-30,2025-12-06,False,Aktivan,971
163,Mystic Fest Hall,20961,2025-12-27,2026-01-01,True,Planiran,313
164,Neon Harmony Square,69128,2025-12-28,2026-01-04,False,Planiran,506
165,Golden Harmony Stage,47056,2025-12-27,2025-12-29,False,Planiran,768
166,Nova Echo Arena,25569,2025-11-18,2025-11-26,False,Zavrsen,263
167,Lunar Melody Pier,43349,2025-11-16,2025-11-19,False,Zavrsen,946
168,Sunset Era Court,87123,2025-12-30,2026-01-07,False,Planiran,193
169,Harmony Jam Stage,50968,2025-12-23,2025-12-24,True,Planiran,206
170,Solar Soul Dome,16389,2025-11-24,2025-11-27,False,Zavrsen,736
171,Electric Beats Oasis,4124,2025-11-25,2025-12-05,True,Aktivan,896
172,Crystal Harmony Theater,5642,2025-11-14,2025-11-22,False,Zavrsen,39
173,Electric Groove Field,70951,2025-12-23,2025-12-28,True,Planiran,306
174,Silent Horizon Field,78425,2025-12-26,2025-12-31,False,Planiran,178
175,Crystal Vibes Hill,16992,2025-12-17,2025-12-22,True,Planiran,287
176,Rock Echo Dome,82075,2025-12-14,2025-12-21,True,Planiran,316
177,Radiant Harmony Oasis,50143,2025-12-31,2026-01-05,False,Planiran,397
178,Neon Vibes Field,3027,2025-12-27,2026-01-03,True,Planiran,362
179,Solar Harmony Park,92879,2025-12-08,2025-12-11,False,Planiran,560
180,Dream Wave Park,10659,2025-11-18,2025-11-27,True,Zavrsen,214
181,Nova Pulse Dome,41735,2025-12-01,2025-12-03,False,Zavrsen,744
182,Cosmic Beats Square,67641,2025-11-16,2025-11-22,False,Zavrsen,55
183,Cosmic Sound Garden,59723,2025-12-14,2025-12-16,False,Planiran,207
184,Sunset Fest Square,41183,2025-11-27,2025-11-29,False,Zavrsen,47
185,Nova Melody Court,56077,2025-12-13,2025-12-20,False,Planiran,816
186,Midnight Vibes Arena,97408,2025-12-12,2025-12-20,False,Planiran,226
187,Golden Sound Park,93326,2025-12-12,2025-12-13,False,Planiran,193
188,Neon Harmony Pier,18662,2025-12-03,2025-12-09,False,Aktivan,303
189,Jazz Jam Court,83459,2025-11-04,2025-11-13,True,Zavrsen,330
190,Solar Wave Valley,75585,2025-12-25,2025-12-31,True,Planiran,275
191,Golden Wave Plaza,79940,2025-11-01,2025-11-07,True,Zavrsen,520
192,Sunset Melody Park,40797,2025-11-29,2025-12-07,True,Aktivan,863
193,Silent Tempo Park,7986,2025-11-15,2025-11-17,False,Zavrsen,655
194,Nova Horizon Park,29896,2025-11-28,2025-12-03,True,Zavrsen,356
195,Mystic Harmony Hall,48253,2025-12-07,2025-12-14,False,Planiran,89
196,Silent Beats Stage,78235,2025-11-29,2025-12-08,False,Aktivan,809
197,Radiant Melody Court,17980,2025-12-20,2025-12-30,False,Planiran,126
198,Radiant Echo Court,35944,2025-12-26,2026-01-05,False,Planiran,116
199,Neon Beats Square,88208,2025-11-03,2025-11-13,False,Zavrsen,839
200,Lunar Era Theater,74493,2025-11-16,2025-11-24,False,Zavrsen,229
201,Rock Pulse Oasis,88560,2025-11-23,2025-11-24,True,Zavrsen,506
202,Lunar Groove Theater,3667,2025-12-21,2025-12-27,False,Planiran,919
203,Mystic Soul Hill,3880,2025-12-31,2026-01-08,False,Planiran,962
204,Lunar Beats Arena,41954,2025-11-13,2025-11-22,True,Zavrsen,730
205,Sunset Storm Theater,22372,2025-11-29,2025-12-08,False,Aktivan,245
206,Crystal Sound Park,18316,2025-11-03,2025-11-09,True,Zavrsen,635
207,Cosmic Aura Oasis,38922,2025-12-23,2025-12-29,False,Planiran,340
208,Dream Rhythm Pier,20476,2025-12-21,2025-12-26,False,Planiran,174
209,Cosmic Echo Hall,12848,2025-11-23,2025-11-28,False,Zavrsen,531
210,Neon Wave Hall,98564,2025-11-07,2025-11-14,True,Zavrsen,225
211,Electric Wave Field,61151,2025-12-30,2026-01-02,True,Planiran,327
212,Dream Wave Court,32704,2025-11-27,2025-12-02,True,Zavrsen,673
213,Electric Melody Plaza,85235,2025-11-03,2025-11-13,False,Zavrsen,436
214,Jazz Wave Square,94803,2025-11-18,2025-11-28,True,Zavrsen,738
215,Rock Beats Beach,64771,2025-12-27,2026-01-01,False,Planiran,564
216,Neon Vibes Court,7802,2025-11-24,2025-12-03,False,Zavrsen,429
217,Dream Storm Garden,88419,2025-11-27,2025-12-07,False,Aktivan,529
218,Jazz Jam Garden,56211,2025-11-15,2025-11-16,False,Zavrsen,214
219,Cosmic Soul Field,73865,2025-12-13,2025-12-16,False,Planiran,966
220,Jazz Rhythm Oasis,89391,2025-11-10,2025-11-12,False,Zavrsen,113
221,Cosmic Aura Valley,57660,2025-12-09,2025-12-13,True,Planiran,394
222,Nova Beats Plaza,31666,2025-11-11,2025-11-13,True,Zavrsen,420
223,Lunar Sound Plaza,91951,2025-12-11,2025-12-18,False,Planiran,97
224,Mystic Aura Pier,85631,2025-12-29,2026-01-04,False,Planiran,745
225,Dream Fest Arena,37728,2025-11-03,2025-11-10,False,Zavrsen,116
226,Jazz Echo Field,46296,2025-12-28,2026-01-01,False,Planiran,663
227,Nova Era Stage,47814,2025-11-30,2025-12-10,True,Aktivan,522
228,Electric Era Plaza,87759,2025-12-21,2025-12-22,True,Planiran,330
229,Electric Storm Arena,90159,2025-12-30,2026-01-07,True,Planiran,500
230,Midnight Aura Theater,34691,2025-12-08,2025-12-16,True,Planiran,932
231,Radiant Groove Theater,35604,2025-12-25,2025-12-28,True,Planiran,618
232,Rock Soul Oasis,50102,2025-12-26,2025-12-31,True,Planiran,207
233,Mystic Beats Pier,90491,2025-12-19,2025-12-26,True,Planiran,329
234,Dream Soul Arena,24667,2025-12-29,2025-12-30,False,Planiran,184
235,Nova Melody Garden,72322,2025-11-22,2025-11-26,False,Zavrsen,785
236,Golden Tempo Oasis,21735,2025-11-30,2025-12-08,True,Aktivan,206
237,Lunar Storm Arena,21,2025-12-05,2025-12-12,False,Planiran,612
238,Dream Pulse Hall,11815,2025-11-13,2025-11-16,True,Zavrsen,955
239,Mystic Fest Park,35110,2025-11-16,2025-11-22,False,Zavrsen,787
240,Neon Echo Beach,86630,2025-12-24,2026-01-02,False,Planiran,607
241,Lunar Jam Court,38777,2025-12-28,2026-01-04,False,Planiran,251
242,Jazz Rhythm Square,20972,2025-11-01,2025-11-06,True,Zavrsen,385
243,Lunar Pulse Square,39012,2025-12-14,2025-12-16,False,Planiran,122
244,Neon Groove Theater,7762,2025-11-22,2025-11-27,False,Zavrsen,261
245,Cosmic Aura Stage,14606,2025-11-29,2025-12-06,False,Aktivan,230
246,Neon Melody Oasis,98896,2025-12-18,2025-12-23,True,Planiran,735
247,Jazz Tempo Field,12971,2025-12-03,2025-12-10,True,Aktivan,319
248,Radiant Storm Arena,71118,2025-11-16,2025-11-23,False,Zavrsen,517
249,Crystal Sound Hall,88070,2025-12-20,2025-12-25,True,Planiran,574
250,Lunar Harmony Garden,45558,2025-12-14,2025-12-17,True,Planiran,275
251,Wild Pulse Arena,83430,2025-12-28,2026-01-03,False,Planiran,688
252,Wild Echo Dome,63096,2025-11-04,2025-11-14,True,Zavrsen,503
253,Radiant Wave Theater,31600,2025-12-05,2025-12-10,False,Planiran,338
254,Rock Storm Court,25789,2025-11-24,2025-12-01,False,Zavrsen,27
255,Nova Jam Plaza,95410,2025-12-25,2026-01-01,True,Planiran,342
256,Silent Melody Oasis,18422,2025-11-13,2025-11-18,True,Zavrsen,819
257,Golden Melody Plaza,1070,2025-11-27,2025-11-28,True,Zavrsen,540
258,Nova Horizon Dome,1579,2025-12-19,2025-12-25,True,Planiran,147
259,Neon Harmony Oasis,21882,2025-11-07,2025-11-12,True,Zavrsen,691
260,Lunar Era Court,33060,2025-12-08,2025-12-16,False,Planiran,501
261,Radiant Aura Plaza,46099,2025-12-28,2026-01-01,False,Planiran,979
262,Dream Sound Hall,15755,2025-11-28,2025-12-03,True,Zavrsen,560
263,Silent Era Beach,52024,2025-12-19,2025-12-20,False,Planiran,766
264,Radiant Melody Theater,27727,2025-12-29,2026-01-08,False,Planiran,532
265,Sunset Vibes Plaza,27913,2025-11-30,2025-12-02,True,Zavrsen,231
266,Golden Groove Plaza,17106,2025-11-18,2025-11-20,True,Zavrsen,456
267,Rock Harmony Dome,50194,2025-11-01,2025-11-06,True,Zavrsen,8
268,Cosmic Echo Hall,72351,2025-11-09,2025-11-16,False,Zavrsen,53
269,Sunset Storm Plaza,34334,2025-11-06,2025-11-15,True,Zavrsen,27
270,Golden Harmony Valley,53625,2025-12-10,2025-12-17,True,Planiran,199
271,Sunset Soul Field,82918,2025-11-16,2025-11-24,False,Zavrsen,356
272,Wild Harmony Plaza,12706,2025-12-25,2026-01-04,False,Planiran,264
273,Crystal Beats Pier,81909,2025-12-21,2025-12-28,False,Planiran,251
274,Golden Echo Oasis,84979,2025-12-07,2025-12-15,False,Planiran,207
275,Crystal Soul Beach,41104,2025-11-30,2025-12-03,True,Zavrsen,227
276,Dream Rhythm Stage,30494,2025-11-11,2025-11-13,False,Zavrsen,929
277,Electric Fest Arena,14761,2025-11-23,2025-11-24,False,Zavrsen,946
278,Crystal Storm Stage,83634,2025-12-20,2025-12-30,False,Planiran,385
279,Dream Melody Park,33306,2025-12-20,2025-12-23,True,Planiran,652
280,Midnight Beats Oasis,1554,2025-11-29,2025-12-04,True,Aktivan,387
281,Mystic Rhythm Stage,78309,2025-12-31,2026-01-09,False,Planiran,381
282,Cosmic Aura Hall,50272,2025-11-16,2025-11-22,True,Zavrsen,459
283,Cosmic Harmony Valley,16192,2025-11-13,2025-11-17,False,Zavrsen,343
284,Cosmic Melody Hall,69744,2025-12-08,2025-12-17,True,Planiran,634
285,Rock Soul Field,36437,2025-11-19,2025-11-26,True,Zavrsen,114
286,Sunset Rhythm Park,19969,2025-11-22,2025-11-29,True,Zavrsen,586
287,Harmony Groove Field,36412,2025-11-06,2025-11-16,True,Zavrsen,681
288,Cosmic Rhythm Hill,20946,2025-11-24,2025-11-26,False,Zavrsen,815
289,Wild Era Dome,25610,2025-11-04,2025-11-05,True,Zavrsen,103
290,Wild Echo Court,73051,2025-11-11,2025-11-14,False,Zavrsen,846
291,Solar Melody Dome,94517,2025-12-18,2025-12-19,True,Planiran,187
292,Radiant Tempo Beach,86779,2025-12-07,2025-12-09,True,Planiran,461
293,Dream Pulse Field,35564,2025-11-25,2025-11-30,False,Zavrsen,489
294,Midnight Rhythm Pier,80094,2025-11-18,2025-11-21,False,Zavrsen,216
295,Dream Pulse Court,69621,2025-12-11,2025-12-14,False,Planiran,88
296,Wild Jam Court,8396,2025-12-31,2026-01-10,True,Planiran,80
297,Solar Storm Park,43751,2025-12-17,2025-12-20,True,Planiran,520
298,Silent Storm Hall,46820,2025-12-02,2025-12-12,False,Aktivan,129
299,Dream Fest Dome,32351,2025-12-20,2025-12-26,True,Planiran,542
300,Cosmic Echo Valley,36625,2025-11-13,2025-11-18,True,Zavrsen,487
301,Radiant Vibes Field,26616,2025-12-16,2025-12-20,False,Planiran,492
302,Wild Horizon Hill,7417,2025-11-16,2025-11-19,False,Zavrsen,849
303,Neon Melody Plaza,42634,2025-12-19,2025-12-22,True,Planiran,45
304,Harmony Vibes Dome,96053,2025-11-04,2025-11-08,True,Zavrsen,502
305,Midnight Rhythm Oasis,27293,2025-11-21,2025-11-28,False,Zavrsen,88
306,Nova Aura Stage,99913,2025-12-27,2025-12-28,False,Planiran,95
307,Jazz Horizon Field,50807,2025-11-27,2025-12-01,True,Zavrsen,114
308,Cosmic Rhythm Garden,83004,2025-12-26,2025-12-28,False,Planiran,629
309,Lunar Harmony Hill,36871,2025-11-04,2025-11-13,True,Zavrsen,396
310,Sunset Horizon Theater,29246,2025-11-06,2025-11-11,True,Zavrsen,703
311,Nova Beats Hall,18757,2025-11-20,2025-11-24,True,Zavrsen,508
312,Lunar Fest Pier,5570,2025-12-25,2026-01-04,False,Planiran,190
313,Jazz Aura Pier,46431,2025-11-06,2025-11-08,False,Zavrsen,968
314,Silent Pulse Theater,78426,2025-12-14,2025-12-23,False,Planiran,808
315,Wild Era Plaza,67459,2025-12-30,2026-01-02,True,Planiran,179
316,Golden Aura Park,23177,2025-12-20,2025-12-28,False,Planiran,863
317,Radiant Fest Pier,38788,2025-12-05,2025-12-15,True,Planiran,625
318,Lunar Echo Arena,17070,2025-12-19,2025-12-20,True,Planiran,207
319,Lunar Rhythm Beach,84846,2025-11-28,2025-12-03,False,Zavrsen,254
320,Silent Groove Plaza,53146,2025-11-18,2025-11-22,True,Zavrsen,557
321,Crystal Melody Court,4009,2025-12-24,2025-12-25,False,Planiran,12
322,Solar Wave Valley,62091,2025-12-29,2026-01-02,True,Planiran,447
323,Lunar Groove Court,72267,2025-12-05,2025-12-13,True,Planiran,797
324,Neon Soul Field,65247,2025-11-20,2025-11-29,True,Zavrsen,352
325,Wild Era Stage,82254,2025-11-26,2025-11-30,False,Zavrsen,449
326,Wild Beats Arena,93099,2025-11-25,2025-12-05,True,Aktivan,801
327,Solar Jam Hill,60191,2025-11-08,2025-11-09,True,Zavrsen,449
328,Silent Storm Oasis,59082,2025-12-26,2025-12-27,True,Planiran,38
329,Jazz Pulse Dome,2123,2025-11-25,2025-11-30,False,Zavrsen,428
330,Radiant Rhythm Valley,7344,2025-12-02,2025-12-09,True,Aktivan,870
331,Lunar Tempo Dome,85771,2025-12-11,2025-12-14,True,Planiran,482
332,Crystal Beats Plaza,5138,2025-11-07,2025-11-14,True,Zavrsen,146
333,Harmony Wave Court,75615,2025-11-28,2025-12-03,False,Zavrsen,532
334,Jazz Storm Stage,68780,2025-12-23,2025-12-26,False,Planiran,236
335,Mystic Horizon Beach,14210,2025-12-09,2025-12-18,False,Planiran,316
336,Nova Soul Arena,45434,2025-11-29,2025-12-02,False,Zavrsen,607
337,Mystic Rhythm Park,15633,2025-12-31,2026-01-01,True,Planiran,308
338,Jazz Vibes Field,51189,2025-12-24,2026-01-01,False,Planiran,186
339,Wild Era Hill,50501,2025-12-21,2025-12-31,False,Planiran,15
340,Harmony Aura Oasis,38108,2025-11-07,2025-11-11,True,Zavrsen,259
341,Golden Melody Stage,165,2025-11-28,2025-12-02,False,Zavrsen,459
342,Lunar Era Field,17854,2025-12-22,2025-12-26,False,Planiran,723
343,Solar Sound Valley,4632,2025-11-08,2025-11-18,True,Zavrsen,374
344,Nova Rhythm Field,89720,2025-12-26,2025-12-27,False,Planiran,225
345,Solar Fest Square,88811,2025-12-18,2025-12-19,True,Planiran,344
346,Wild Aura Valley,10452,2025-11-01,2025-11-10,True,Zavrsen,455
347,Nova Rhythm Valley,31646,2025-12-02,2025-12-08,True,Aktivan,715
348,Solar Horizon Valley,48161,2025-11-16,2025-11-26,False,Zavrsen,958
349,Jazz Wave Arena,75292,2025-11-28,2025-12-06,True,Aktivan,594
350,Jazz Melody Pier,77028,2025-11-23,2025-11-24,True,Zavrsen,764
351,Mystic Beats Oasis,46960,2025-11-13,2025-11-15,False,Zavrsen,303
352,Nova Echo Beach,28744,2025-11-04,2025-11-09,True,Zavrsen,849
353,Cosmic Jam Oasis,57590,2025-11-14,2025-11-16,False,Zavrsen,728
354,Nova Wave Dome,5464,2025-12-12,2025-12-14,False,Planiran,421
355,Golden Beats Field,39072,2025-12-17,2025-12-18,True,Planiran,333
356,Jazz Beats Dome,47803,2025-12-08,2025-12-17,False,Planiran,82
357,Neon Melody Hill,83694,2025-11-22,2025-12-01,False,Zavrsen,569
358,Electric Wave Garden,74066,2025-12-17,2025-12-23,True,Planiran,341
359,Mystic Aura Arena,49155,2025-11-22,2025-11-30,True,Zavrsen,195
360,Wild Storm Dome,53306,2025-11-17,2025-11-20,False,Zavrsen,290
361,Jazz Vibes Square,28616,2025-11-30,2025-12-10,False,Aktivan,642
362,Electric Sound Stage,56565,2025-12-27,2026-01-05,True,Planiran,722
363,Rock Jam Theater,42564,2025-12-11,2025-12-18,True,Planiran,129
364,Wild Soul Stage,58012,2025-11-10,2025-11-15,True,Zavrsen,247
365,Lunar Harmony Theater,91775,2025-11-09,2025-11-13,True,Zavrsen,343
366,Nova Tempo Valley,86296,2025-12-18,2025-12-19,True,Planiran,688
367,Dream Fest Garden,46845,2025-11-24,2025-11-25,False,Zavrsen,746
368,Mystic Groove Valley,66729,2025-11-05,2025-11-08,True,Zavrsen,234
369,Sunset Groove Stage,67303,2025-12-23,2025-12-31,True,Planiran,797
370,Cosmic Storm Theater,27738,2025-11-07,2025-11-10,True,Zavrsen,471
371,Crystal Soul Square,1601,2025-12-16,2025-12-22,True,Planiran,362
372,Mystic Pulse Garden,28780,2025-11-04,2025-11-09,False,Zavrsen,717
373,Nova Beats Oasis,74335,2025-11-10,2025-11-14,False,Zavrsen,375
374,Crystal Tempo Pier,77135,2025-12-11,2025-12-20,True,Planiran,665
375,Sunset Soul Plaza,69194,2025-12-19,2025-12-20,False,Planiran,570
376,Rock Wave Court,49793,2025-11-05,2025-11-09,True,Zavrsen,317
377,Nova Jam Plaza,88939,2025-11-02,2025-11-10,False,Zavrsen,999
378,Sunset Groove Beach,34895,2025-11-18,2025-11-26,True,Zavrsen,540
379,Wild Echo Hall,39184,2025-12-20,2025-12-24,False,Planiran,863
380,Harmony Fest Dome,54763,2025-11-08,2025-11-10,True,Zavrsen,924
381,Sunset Fest Oasis,68648,2025-12-23,2026-01-01,False,Planiran,215
382,Jazz Pulse Arena,61460,2025-12-12,2025-12-16,False,Planiran,611
383,Dream Storm Square,56202,2025-12-13,2025-12-17,True,Planiran,114
384,Sunset Groove Dome,48052,2025-12-02,2025-12-06,True,Aktivan,291
385,Neon Wave Hill,13713,2025-12-20,2025-12-22,False,Planiran,999
386,Silent Vibes Court,63791,2025-11-06,2025-11-13,False,Zavrsen,399
387,Rock Beats Beach,49746,2025-11-03,2025-11-10,False,Zavrsen,812
388,Dream Tempo Hall,3757,2025-11-12,2025-11-15,True,Zavrsen,318
389,Nova Tempo Hill,17495,2025-11-13,2025-11-23,False,Zavrsen,101
390,Golden Groove Garden,88796,2025-11-29,2025-12-06,True,Aktivan,553
391,Cosmic Sound Pier,27971,2025-12-01,2025-12-06,False,Aktivan,744
392,Crystal Jam Oasis,85915,2025-11-16,2025-11-21,False,Zavrsen,837
393,Solar Era Plaza,55318,2025-12-10,2025-12-17,False,Planiran,415
394,Harmony Harmony Square,36683,2025-11-02,2025-11-05,False,Zavrsen,428
395,Nova Rhythm Oasis,22425,2025-11-05,2025-11-14,False,Zavrsen,452
396,Electric Aura Dome,18457,2025-12-29,2026-01-06,True,Planiran,435
397,Nova Aura Square,34090,2025-12-26,2026-01-05,False,Planiran,469
398,Dream Groove Arena,5188,2025-12-25,2025-12-29,False,Planiran,571
399,Rock Pulse Park,10028,2025-11-01,2025-11-07,True,Zavrsen,631
400,Wild Horizon Dome,50734,2025-12-19,2025-12-24,True,Planiran,801
401,Lunar Soul Theater,3171,2025-12-26,2026-01-04,False,Planiran,696
402,Harmony Groove Garden,5868,2025-11-23,2025-11-27,True,Zavrsen,14
403,Rock Sound Square,30108,2025-12-25,2026-01-04,False,Planiran,638
404,Electric Wave Park,99799,2025-11-15,2025-11-16,False,Zavrsen,260
405,Mystic Aura Park,55552,2025-11-30,2025-12-05,False,Aktivan,667
406,Jazz Fest Valley,57506,2025-11-14,2025-11-21,True,Zavrsen,203
407,Jazz Fest Court,78007,2025-11-14,2025-11-20,True,Zavrsen,584
408,Wild Era Plaza,17023,2025-12-30,2026-01-05,False,Planiran,705
409,Wild Jam Beach,26937,2025-11-29,2025-12-04,False,Aktivan,357
410,Mystic Groove Field,71064,2025-12-06,2025-12-08,True,Planiran,532
411,Wild Melody Garden,4415,2025-11-25,2025-11-27,True,Zavrsen,799
412,Crystal Horizon Theater,87483,2025-11-06,2025-11-12,False,Zavrsen,276
413,Silent Harmony Park,77848,2025-11-18,2025-11-25,False,Zavrsen,578
414,Jazz Tempo Arena,58670,2025-12-04,2025-12-08,True,Aktivan,875
415,Sunset Jam Field,68455,2025-11-12,2025-11-20,True,Zavrsen,718
416,Sunset Tempo Stage,77282,2025-12-22,2025-12-28,False,Planiran,5
417,Golden Fest Oasis,59098,2025-11-22,2025-11-27,False,Zavrsen,856
418,Lunar Era Oasis,30753,2025-12-17,2025-12-25,True,Planiran,15
419,Cosmic Pulse Hill,35974,2025-12-25,2025-12-27,False,Planiran,923
420,Radiant Soul Square,43079,2025-12-25,2025-12-26,False,Planiran,489
421,Wild Pulse Hill,58456,2025-11-30,2025-12-06,True,Aktivan,729
422,Radiant Storm Court,13935,2025-12-24,2025-12-26,True,Planiran,972
423,Golden Soul Park,28191,2025-11-13,2025-11-21,False,Zavrsen,488
424,Mystic Melody Valley,32237,2025-12-23,2025-12-26,False,Planiran,206
425,Golden Rhythm Hall,4917,2025-11-08,2025-11-12,False,Zavrsen,61
426,Solar Groove Garden,4033,2025-12-31,2026-01-08,True,Planiran,763
427,Midnight Aura Dome,26369,2025-11-20,2025-11-22,True,Zavrsen,727
428,Midnight Melody Court,72930,2025-12-04,2025-12-05,False,Aktivan,616
429,Mystic Jam Valley,96931,2025-11-28,2025-11-30,False,Zavrsen,634
430,Rock Horizon Park,96106,2025-12-17,2025-12-18,False,Planiran,559
431,Rock Groove Park,6841,2025-12-11,2025-12-15,True,Planiran,551
432,Silent Tempo Oasis,32129,2025-12-21,2025-12-30,False,Planiran,301
433,Electric Tempo Field,41983,2025-11-08,2025-11-10,False,Zavrsen,121
434,Crystal Pulse Arena,64210,2025-11-29,2025-12-08,True,Aktivan,887
435,Silent Horizon Theater,42370,2025-12-04,2025-12-10,True,Aktivan,177
436,Midnight Fest Theater,66048,2025-11-18,2025-11-22,False,Zavrsen,447
437,Solar Melody Hall,16206,2025-12-18,2025-12-22,False,Planiran,379
438,Rock Horizon Garden,80933,2025-11-19,2025-11-26,True,Zavrsen,746
439,Electric Pulse Oasis,59820,2025-11-06,2025-11-08,True,Zavrsen,90
440,Cosmic Wave Hill,25622,2025-12-25,2025-12-27,False,Planiran,417
441,Rock Wave Oasis,9568,2025-12-26,2025-12-31,False,Planiran,902
442,Golden Harmony Plaza,35038,2025-11-06,2025-11-11,True,Zavrsen,421
443,Midnight Jam Arena,48439,2025-12-09,2025-12-12,False,Planiran,781
444,Lunar Groove Valley,10909,2025-12-11,2025-12-19,True,Planiran,132
445,Cosmic Vibes Field,78683,2025-11-22,2025-12-02,False,Zavrsen,368
446,Solar Era Beach,40806,2025-11-19,2025-11-25,False,Zavrsen,68
447,Lunar Groove Pier,6265,2025-12-02,2025-12-11,True,Aktivan,203
448,Wild Echo Dome,32135,2025-12-05,2025-12-10,False,Planiran,752
449,Radiant Sound Theater,46228,2025-12-19,2025-12-20,True,Planiran,683
450,Wild Soul Beach,52035,2025-11-28,2025-11-30,True,Zavrsen,181
451,Rock Vibes Court,95923,2025-11-14,2025-11-21,False,Zavrsen,213
452,Rock Harmony Stage,32130,2025-12-25,2026-01-01,True,Planiran,347
453,Radiant Tempo Field,83234,2025-11-06,2025-11-15,False,Zavrsen,961
454,Wild Sound Pier,65060,2025-11-27,2025-12-03,True,Zavrsen,667
455,Neon Horizon Court,33865,2025-12-05,2025-12-15,False,Planiran,996
456,Nova Storm Garden,71616,2025-12-24,2025-12-27,True,Planiran,380
457,Jazz Melody Dome,64502,2025-12-07,2025-12-16,False,Planiran,367
458,Rock Vibes Theater,3401,2025-12-16,2025-12-25,True,Planiran,785
459,Mystic Jam Dome,96933,2025-12-11,2025-12-17,True,Planiran,211
460,Radiant Aura Arena,91258,2025-12-11,2025-12-19,False,Planiran,8
461,Rock Groove Square,47890,2025-12-21,2025-12-28,False,Planiran,782
462,Radiant Vibes Pier,73018,2025-12-20,2025-12-29,False,Planiran,255
463,Electric Fest Dome,12737,2025-11-18,2025-11-21,True,Zavrsen,469
464,Rock Harmony Court,50873,2025-11-28,2025-12-04,False,Aktivan,626
465,Harmony Pulse Field,28876,2025-11-07,2025-11-11,True,Zavrsen,159
466,Neon Jam Theater,96627,2025-11-19,2025-11-29,False,Zavrsen,440
467,Neon Melody Garden,62808,2025-12-26,2025-12-27,True,Planiran,481
468,Golden Echo Stage,53905,2025-12-16,2025-12-26,True,Planiran,728
469,Jazz Horizon Field,87589,2025-11-01,2025-11-05,True,Zavrsen,840
470,Harmony Harmony Valley,82938,2025-11-02,2025-11-04,True,Zavrsen,13
471,Cosmic Soul Oasis,69285,2025-12-07,2025-12-10,False,Planiran,642
472,Crystal Storm Garden,29581,2025-12-22,2025-12-24,False,Planiran,216
473,Electric Fest Garden,52132,2025-11-16,2025-11-17,True,Zavrsen,439
474,Midnight Horizon Dome,94048,2025-12-31,2026-01-01,True,Planiran,924
475,Wild Horizon Dome,53534,2025-12-31,2026-01-08,True,Planiran,20
476,Harmony Sound Dome,67539,2025-11-06,2025-11-10,False,Zavrsen,558
477,Cosmic Vibes Field,69747,2025-11-24,2025-12-04,True,Aktivan,744
478,Mystic Melody Hill,32282,2025-12-08,2025-12-16,False,Planiran,761
479,Lunar Storm Park,89110,2025-12-12,2025-12-17,False,Planiran,426
480,Sunset Sound Oasis,996,2025-12-13,2025-12-17,True,Planiran,495
481,Neon Echo Stage,66172,2025-11-27,2025-12-01,False,Zavrsen,806
482,Dream Vibes Court,85914,2025-11-18,2025-11-25,True,Zavrsen,851
483,Sunset Aura Plaza,6009,2025-11-08,2025-11-18,True,Zavrsen,679
484,Wild Horizon Stage,16067,2025-12-17,2025-12-21,False,Planiran,385
485,Solar Melody Hill,95656,2025-12-25,2025-12-29,False,Planiran,494
486,Radiant Harmony Court,75429,2025-11-25,2025-12-03,True,Zavrsen,599
487,Nova Groove Valley,6523,2025-12-23,2026-01-01,True,Planiran,642
488,Sunset Soul Field,24972,2025-12-16,2025-12-25,False,Planiran,10
489,Mystic Melody Square,6516,2025-12-15,2025-12-19,True,Planiran,328
490,Mystic Melody Plaza,49179,2025-11-09,2025-11-15,True,Zavrsen,666
491,Sunset Sound Garden,57508,2025-12-02,2025-12-04,False,Aktivan,264
492,Neon Pulse Plaza,76832,2025-11-23,2025-11-28,True,Zavrsen,385
493,Dream Tempo Stage,71784,2025-11-17,2025-11-19,False,Zavrsen,661
494,Solar Era Court,67844,2025-11-03,2025-11-10,True,Zavrsen,823
495,Crystal Echo Theater,22636,2025-11-05,2025-11-11,False,Zavrsen,827
496,Crystal Era Arena,1780,2025-12-14,2025-12-20,True,Planiran,595
497,Solar Horizon Field,79674,2025-11-15,2025-11-22,True,Zavrsen,986
498,Sunset Beats Dome,38542,2025-11-16,2025-11-20,True,Zavrsen,356
499,Rock Jam Plaza,96136,2025-12-17,2025-12-27,False,Planiran,997
500,Jazz Harmony Oasis,66454,2025-11-26,2025-11-29,True,Zavrsen,946
501,Crystal Pulse Oasis,40351,2025-12-25,2025-12-30,False,Planiran,182
502,Wild Tempo Beach,54562,2025-12-29,2026-01-06,False,Planiran,175
503,Cosmic Aura Plaza,89706,2025-12-17,2025-12-23,True,Planiran,394
504,Radiant Aura Stage,38966,2025-12-27,2026-01-03,False,Planiran,622
505,Rock Era Hill,4933,2025-12-19,2025-12-25,True,Planiran,526
506,Dream Wave Field,30997,2025-12-17,2025-12-25,True,Planiran,136
507,Crystal Rhythm Oasis,46432,2025-12-01,2025-12-03,True,Zavrsen,465
508,Crystal Tempo Garden,30221,2025-11-19,2025-11-26,False,Zavrsen,975
509,Golden Aura Oasis,86788,2025-11-24,2025-12-04,True,Aktivan,653
510,Jazz Echo Arena,50342,2025-12-26,2025-12-29,True,Planiran,322
511,Nova Beats Plaza,54075,2025-12-05,2025-12-09,False,Planiran,463
512,Jazz Soul Plaza,66994,2025-12-05,2025-12-12,False,Planiran,698
513,Crystal Harmony Plaza,21352,2025-11-01,2025-11-11,False,Zavrsen,976
514,Solar Harmony Garden,91278,2025-11-19,2025-11-26,False,Zavrsen,474
515,Nova Jam Plaza,49721,2025-12-12,2025-12-15,False,Planiran,104
516,Wild Tempo Oasis,54160,2025-11-19,2025-11-25,True,Zavrsen,445
517,Solar Aura Arena,98489,2025-11-07,2025-11-16,True,Zavrsen,715
518,Nova Fest Dome,77585,2025-12-24,2025-12-31,True,Planiran,859
519,Solar Tempo Plaza,73376,2025-12-04,2025-12-05,True,Aktivan,929
520,Rock Groove Valley,27482,2025-11-25,2025-11-30,False,Zavrsen,335
521,Radiant Rhythm Dome,69843,2025-11-07,2025-11-13,True,Zavrsen,895
522,Harmony Vibes Dome,38802,2025-12-28,2026-01-07,False,Planiran,193
523,Sunset Soul Oasis,89910,2025-11-02,2025-11-10,True,Zavrsen,253
524,Radiant Wave Pier,23150,2025-12-13,2025-12-22,True,Planiran,480
525,Radiant Melody Oasis,62946,2025-11-25,2025-12-03,False,Zavrsen,488
526,Sunset Rhythm Hill,55955,2025-11-26,2025-12-04,False,Aktivan,542
527,Silent Pulse Oasis,76848,2025-12-21,2025-12-24,True,Planiran,826
528,Neon Sound Beach,46876,2025-12-17,2025-12-18,False,Planiran,498
529,Lunar Aura Beach,92227,2025-12-07,2025-12-09,False,Planiran,147
530,Silent Fest Theater,3720,2025-12-13,2025-12-14,True,Planiran,551
531,Golden Aura Square,93120,2025-12-14,2025-12-23,True,Planiran,564
532,Harmony Groove Stage,48772,2025-12-11,2025-12-20,False,Planiran,166
533,Wild Beats Plaza,67464,2025-12-18,2025-12-24,False,Planiran,780
534,Dream Rhythm Square,81327,2025-11-06,2025-11-10,False,Zavrsen,448
535,Neon Rhythm Plaza,51815,2025-11-08,2025-11-18,False,Zavrsen,597
536,Midnight Melody Court,68383,2025-11-19,2025-11-23,False,Zavrsen,16
537,Radiant Harmony Arena,95509,2025-12-25,2025-12-29,True,Planiran,432
538,Cosmic Echo Field,90943,2025-12-25,2025-12-30,False,Planiran,971
539,Silent Jam Field,16959,2025-12-11,2025-12-13,True,Planiran,516
540,Nova Aura Valley,46948,2025-11-30,2025-12-03,False,Zavrsen,572
541,Solar Beats Arena,6669,2025-12-12,2025-12-13,True,Planiran,428
542,Sunset Vibes Hall,22844,2025-12-03,2025-12-04,True,Aktivan,51
543,Dream Aura Garden,1906,2025-12-06,2025-12-14,True,Planiran,743
544,Lunar Fest Park,7815,2025-12-17,2025-12-19,True,Planiran,357
545,Rock Wave Theater,70701,2025-11-12,2025-11-17,True,Zavrsen,490
546,Golden Pulse Court,26403,2025-12-09,2025-12-16,True,Planiran,441
547,Midnight Storm Garden,47724,2025-11-07,2025-11-09,True,Zavrsen,626
548,Harmony Aura Valley,50310,2025-11-27,2025-12-01,False,Zavrsen,3
549,Dream Soul Stage,46270,2025-11-09,2025-11-11,False,Zavrsen,269
550,Nova Aura Oasis,99658,2025-12-03,2025-12-10,True,Aktivan,391
551,Electric Sound Square,6151,2025-12-11,2025-12-20,False,Planiran,766
552,Sunset Harmony Plaza,33035,2025-12-01,2025-12-11,True,Aktivan,10
553,Harmony Sound Arena,10004,2025-12-01,2025-12-05,True,Aktivan,971
554,Sunset Echo Theater,30673,2025-11-03,2025-11-11,True,Zavrsen,119
555,Harmony Wave Square,99702,2025-11-03,2025-11-05,False,Zavrsen,384
556,Radiant Wave Valley,60403,2025-12-29,2026-01-03,False,Planiran,461
557,Solar Harmony Theater,50730,2025-12-11,2025-12-18,False,Planiran,695
558,Lunar Beats Garden,39886,2025-11-25,2025-11-30,True,Zavrsen,5
559,Cosmic Groove Square,42764,2025-12-20,2025-12-26,True,Planiran,816
560,Rock Jam Dome,89652,2025-11-13,2025-11-22,False,Zavrsen,58
561,Electric Melody Pier,6585,2025-11-21,2025-12-01,True,Zavrsen,188
562,Cosmic Horizon Square,20549,2025-11-10,2025-11-14,True,Zavrsen,169
563,Golden Harmony Dome,93432,2025-11-05,2025-11-11,False,Zavrsen,585
564,Neon Jam Park,95833,2025-11-18,2025-11-21,False,Zavrsen,735
565,Midnight Rhythm Park,96268,2025-11-22,2025-11-23,False,Zavrsen,324
566,Crystal Storm Stage,83938,2025-11-20,2025-11-30,True,Zavrsen,361
567,Harmony Era Plaza,9974,2025-11-01,2025-11-04,True,Zavrsen,482
568,Silent Melody Hill,42781,2025-12-10,2025-12-14,False,Planiran,481
569,Golden Rhythm Hall,601,2025-11-26,2025-12-03,True,Zavrsen,376
570,Solar Sound Dome,38013,2025-12-11,2025-12-15,False,Planiran,994
571,Lunar Era Stage,19751,2025-12-18,2025-12-22,False,Planiran,445
572,Radiant Harmony Dome,48080,2025-11-06,2025-11-15,False,Zavrsen,708
573,Wild Horizon Hill,28825,2025-11-14,2025-11-16,False,Zavrsen,356
574,Rock Tempo Valley,90833,2025-12-01,2025-12-04,True,Aktivan,42
575,Mystic Vibes Square,20159,2025-11-12,2025-11-19,True,Zavrsen,359
576,Nova Rhythm Garden,36348,2025-12-10,2025-12-16,True,Planiran,913
577,Mystic Jam Pier,99780,2025-11-08,2025-11-15,True,Zavrsen,265
578,Harmony Aura Hill,28185,2025-12-11,2025-12-16,True,Planiran,290
579,Golden Pulse Garden,63155,2025-11-30,2025-12-10,True,Aktivan,462
580,Wild Soul Pier,9250,2025-11-11,2025-11-18,False,Zavrsen,901
581,Electric Era Field,64776,2025-12-24,2025-12-27,True,Planiran,402
582,Nova Fest Valley,67043,2025-11-19,2025-11-25,False,Zavrsen,227
583,Harmony Fest Hill,7887,2025-11-25,2025-11-26,False,Zavrsen,149
584,Crystal Horizon Plaza,10862,2025-11-20,2025-11-22,False,Zavrsen,211
585,Nova Groove Valley,54665,2025-12-03,2025-12-04,False,Aktivan,420
586,Neon Jam Stage,34369,2025-12-12,2025-12-19,False,Planiran,698
587,Mystic Beats Beach,81230,2025-11-14,2025-11-21,False,Zavrsen,477
588,Cosmic Harmony Theater,94748,2025-11-19,2025-11-29,True,Zavrsen,518
589,Electric Era Theater,44717,2025-11-10,2025-11-11,False,Zavrsen,869
590,Wild Harmony Valley,60625,2025-11-26,2025-12-04,True,Aktivan,877
591,Midnight Groove Valley,86150,2025-12-20,2025-12-28,True,Planiran,701
592,Jazz Beats Stage,90490,2025-11-27,2025-12-01,True,Zavrsen,322
593,Sunset Melody Arena,30749,2025-12-29,2026-01-01,False,Planiran,632
594,Solar Echo Hill,20288,2025-12-21,2025-12-31,True,Planiran,114
595,Radiant Fest Valley,8861,2025-11-25,2025-12-02,False,Zavrsen,236
596,Silent Rhythm Pier,31306,2025-12-07,2025-12-14,True,Planiran,474
597,Neon Soul Oasis,44593,2025-11-09,2025-11-17,False,Zavrsen,630
598,Silent Sound Garden,95306,2025-11-02,2025-11-03,True,Zavrsen,190
599,Dream Pulse Hill,58140,2025-11-26,2025-12-02,True,Zavrsen,148
600,Jazz Wave Square,11719,2025-12-13,2025-12-19,False,Planiran,767
601,Lunar Aura Beach,13447,2025-12-14,2025-12-22,False,Planiran,641
602,Silent Jam Beach,56267,2025-12-23,2026-01-01,True,Planiran,407
603,Midnight Era Arena,20879,2025-12-28,2026-01-02,True,Planiran,216
604,Sunset Melody Oasis,70422,2025-12-04,2025-12-11,True,Aktivan,643
605,Neon Wave Theater,41127,2025-11-09,2025-11-12,False,Zavrsen,655
606,Cosmic Beats Oasis,53585,2025-11-10,2025-11-11,True,Zavrsen,583
607,Cosmic Harmony Dome,15179,2025-12-22,2025-12-31,False,Planiran,296
608,Nova Harmony Pier,54686,2025-12-29,2025-12-31,False,Planiran,541
609,Wild Harmony Garden,35570,2025-11-06,2025-11-09,True,Zavrsen,256
610,Nova Era Stage,65996,2025-11-08,2025-11-18,False,Zavrsen,568
611,Radiant Era Dome,67339,2025-11-04,2025-11-07,False,Zavrsen,103
612,Midnight Vibes Valley,96693,2025-11-29,2025-12-05,False,Aktivan,199
613,Silent Rhythm Dome,27198,2025-12-16,2025-12-19,False,Planiran,669
614,Mystic Echo Square,33874,2025-11-17,2025-11-18,False,Zavrsen,586
615,Mystic Melody Theater,11213,2025-12-24,2025-12-27,True,Planiran,284
616,Dream Jam Court,81491,2025-12-08,2025-12-12,False,Planiran,134
617,Jazz Aura Stage,35183,2025-11-16,2025-11-26,False,Zavrsen,457
618,Cosmic Soul Plaza,96842,2025-11-07,2025-11-13,True,Zavrsen,669
619,Lunar Aura Hill,80100,2025-12-26,2026-01-04,False,Planiran,900
620,Midnight Pulse Hall,14234,2025-11-17,2025-11-27,False,Zavrsen,652
621,Golden Harmony Square,36129,2025-11-16,2025-11-24,True,Zavrsen,538
622,Jazz Jam Arena,51688,2025-12-13,2025-12-17,True,Planiran,886
623,Sunset Tempo Stage,77406,2025-12-29,2026-01-04,False,Planiran,149
624,Jazz Harmony Park,39727,2025-11-12,2025-11-17,True,Zavrsen,563
625,Midnight Vibes Dome,27254,2025-11-18,2025-11-28,True,Zavrsen,863
626,Golden Jam Stage,90259,2025-12-30,2026-01-02,False,Planiran,64
627,Golden Rhythm Court,77803,2025-11-05,2025-11-07,True,Zavrsen,616
628,Harmony Soul Field,12015,2025-11-18,2025-11-26,False,Zavrsen,792
629,Crystal Melody Square,32317,2025-12-15,2025-12-23,False,Planiran,638
630,Mystic Storm Court,30069,2025-11-05,2025-11-09,True,Zavrsen,471
631,Nova Jam Court,63257,2025-12-12,2025-12-21,True,Planiran,154
632,Silent Jam Park,78694,2025-11-08,2025-11-16,False,Zavrsen,753
633,Radiant Echo Pier,65114,2025-12-21,2025-12-28,True,Planiran,322
634,Mystic Melody Park,88247,2025-12-09,2025-12-12,True,Planiran,559
635,Golden Sound Pier,70277,2025-12-30,2026-01-05,True,Planiran,339
636,Rock Soul Plaza,74346,2025-11-04,2025-11-07,False,Zavrsen,894
637,Golden Groove Arena,43180,2025-11-22,2025-11-24,True,Zavrsen,694
638,Cosmic Fest Plaza,74399,2025-12-01,2025-12-08,True,Aktivan,521
639,Midnight Pulse Beach,61832,2025-11-10,2025-11-13,False,Zavrsen,567
640,Nova Groove Stage,56426,2025-12-27,2026-01-06,True,Planiran,308
641,Wild Pulse Stage,60641,2025-12-14,2025-12-24,False,Planiran,479
642,Crystal Melody Pier,74768,2025-12-04,2025-12-13,False,Aktivan,682
643,Jazz Sound Arena,45182,2025-11-15,2025-11-23,False,Zavrsen,342
644,Neon Soul Valley,79538,2025-11-24,2025-11-27,False,Zavrsen,54
645,Sunset Rhythm Plaza,55931,2025-12-07,2025-12-15,False,Planiran,966
646,Dream Echo Stage,28598,2025-11-26,2025-12-02,True,Zavrsen,462
647,Sunset Aura Stage,98868,2025-12-08,2025-12-10,True,Planiran,377
648,Wild Groove Field,7319,2025-12-29,2026-01-07,True,Planiran,857
649,Electric Horizon Valley,53921,2025-12-16,2025-12-19,False,Planiran,429
650,Silent Aura Field,64831,2025-12-14,2025-12-22,True,Planiran,395
651,Wild Jam Hall,58489,2025-11-02,2025-11-10,False,Zavrsen,907
652,Solar Fest Field,67942,2025-12-25,2025-12-26,False,Planiran,955
653,Midnight Storm Arena,95606,2025-11-27,2025-11-29,False,Zavrsen,531
654,Nova Rhythm Park,56709,2025-11-18,2025-11-20,True,Zavrsen,883
655,Silent Pulse Field,11948,2025-12-15,2025-12-20,False,Planiran,604
656,Solar Melody Valley,75030,2025-12-01,2025-12-02,False,Zavrsen,371
657,Golden Tempo Beach,80635,2025-11-15,2025-11-25,False,Zavrsen,574
658,Silent Storm Park,44597,2025-11-01,2025-11-06,True,Zavrsen,664
659,Lunar Jam Pier,8602,2025-12-05,2025-12-09,True,Planiran,365
660,Jazz Fest Stage,86873,2025-12-01,2025-12-03,True,Zavrsen,387
661,Solar Era Dome,2377,2025-11-26,2025-12-02,True,Zavrsen,233
662,Nova Vibes Garden,22317,2025-12-28,2026-01-07,True,Planiran,371
663,Nova Soul Dome,8305,2025-11-18,2025-11-23,True,Zavrsen,927
664,Jazz Aura Square,15597,2025-12-05,2025-12-15,False,Planiran,528
665,Solar Jam Stage,46269,2025-12-13,2025-12-21,False,Planiran,688
666,Harmony Melody Park,40392,2025-11-09,2025-11-14,False,Zavrsen,823
667,Lunar Harmony Beach,62203,2025-11-11,2025-11-17,False,Zavrsen,69
668,Mystic Harmony Valley,46361,2025-12-17,2025-12-23,False,Planiran,587
669,Silent Storm Theater,96436,2025-12-16,2025-12-18,True,Planiran,810
670,Solar Beats Square,74836,2025-12-23,2025-12-25,True,Planiran,817
671,Golden Wave Square,41766,2025-12-03,2025-12-06,True,Aktivan,761
672,Crystal Horizon Oasis,16628,2025-12-10,2025-12-19,True,Planiran,611
673,Midnight Era Park,42226,2025-12-26,2026-01-03,False,Planiran,999
674,Jazz Melody Arena,38074,2025-12-08,2025-12-11,False,Planiran,53
675,Dream Melody Hill,45915,2025-12-04,2025-12-06,True,Aktivan,416
676,Harmony Fest Court,71828,2025-11-09,2025-11-16,False,Zavrsen,773
677,Crystal Pulse Pier,62414,2025-12-05,2025-12-12,True,Planiran,740
678,Dream Era Dome,36258,2025-12-27,2026-01-01,True,Planiran,606
679,Nova Echo Hall,14867,2025-12-28,2026-01-03,True,Planiran,401
680,Mystic Soul Plaza,12506,2025-11-24,2025-11-29,True,Zavrsen,299
681,Harmony Tempo Hall,31372,2025-11-13,2025-11-20,True,Zavrsen,726
682,Rock Melody Hill,1124,2025-12-16,2025-12-17,True,Planiran,160
683,Silent Pulse Field,44790,2025-12-18,2025-12-22,False,Planiran,342
684,Harmony Harmony Park,39655,2025-12-28,2026-01-05,False,Planiran,947
685,Lunar Aura Beach,64268,2025-12-04,2025-12-12,False,Aktivan,679
686,Cosmic Melody Garden,1167,2025-11-30,2025-12-07,True,Aktivan,144
687,Rock Melody Arena,30760,2025-11-21,2025-11-29,False,Zavrsen,778
688,Jazz Rhythm Square,92756,2025-11-18,2025-11-21,False,Zavrsen,710
689,Silent Melody Theater,7443,2025-11-27,2025-12-05,False,Aktivan,629
690,Radiant Aura Hill,20558,2025-11-20,2025-11-25,True,Zavrsen,460
691,Silent Melody Stage,83560,2025-11-26,2025-12-06,True,Aktivan,726
692,Midnight Pulse Oasis,99326,2025-11-18,2025-11-22,False,Zavrsen,470
693,Electric Wave Dome,15401,2025-12-11,2025-12-12,True,Planiran,573
694,Silent Groove Beach,19176,2025-11-09,2025-11-15,True,Zavrsen,327
695,Lunar Era Theater,36871,2025-12-01,2025-12-03,True,Zavrsen,710
696,Dream Wave Beach,19101,2025-11-10,2025-11-15,False,Zavrsen,230
697,Nova Tempo Beach,30803,2025-11-08,2025-11-15,False,Zavrsen,603
698,Cosmic Rhythm Park,94383,2025-11-18,2025-11-28,False,Zavrsen,470
699,Lunar Beats Square,79487,2025-11-23,2025-11-25,False,Zavrsen,951
700,Midnight Fest Field,27335,2025-11-15,2025-11-23,False,Zavrsen,819
701,Lunar Horizon Square,61349,2025-12-17,2025-12-25,False,Planiran,919
702,Solar Beats Oasis,54732,2025-12-26,2026-01-05,False,Planiran,747
703,Lunar Jam Pier,5594,2025-12-20,2025-12-30,True,Planiran,678
704,Mystic Fest Arena,84249,2025-12-17,2025-12-25,True,Planiran,943
705,Lunar Era Stage,37425,2025-12-20,2025-12-26,True,Planiran,296
706,Cosmic Horizon Field,80646,2025-11-25,2025-11-26,True,Zavrsen,971
707,Harmony Vibes Field,41039,2025-12-02,2025-12-03,True,Zavrsen,210
708,Electric Beats Garden,68512,2025-12-25,2026-01-02,True,Planiran,660
709,Rock Groove Arena,44475,2025-11-13,2025-11-19,False,Zavrsen,764
710,Cosmic Groove Dome,58749,2025-12-18,2025-12-19,False,Planiran,401
711,Electric Aura Field,77351,2025-11-19,2025-11-22,True,Zavrsen,728
712,Golden Sound Garden,74557,2025-11-19,2025-11-23,True,Zavrsen,64
713,Lunar Soul Hall,6173,2025-12-23,2025-12-28,False,Planiran,433
714,Nova Vibes Oasis,35753,2025-11-14,2025-11-23,True,Zavrsen,207
715,Silent Echo Field,52384,2025-12-16,2025-12-21,False,Planiran,184
716,Crystal Pulse Garden,20956,2025-11-28,2025-12-02,True,Zavrsen,977
717,Jazz Soul Plaza,96937,2025-12-09,2025-12-18,True,Planiran,778
718,Electric Rhythm Field,82406,2025-11-02,2025-11-12,True,Zavrsen,936
719,Wild Beats Theater,17351,2025-11-13,2025-11-23,True,Zavrsen,754
720,Electric Wave Field,67752,2025-11-19,2025-11-25,True,Zavrsen,206
721,Jazz Soul Dome,88015,2025-12-30,2026-01-03,True,Planiran,526
722,Dream Soul Park,54559,2025-12-07,2025-12-16,True,Planiran,211
723,Crystal Storm Stage,70111,2025-11-08,2025-11-16,True,Zavrsen,720
724,Nova Echo Garden,20405,2025-12-12,2025-12-16,True,Planiran,788
725,Mystic Jam Hill,83891,2025-12-03,2025-12-11,True,Aktivan,31
726,Harmony Rhythm Square,18463,2025-11-25,2025-11-30,False,Zavrsen,769
727,Wild Vibes Plaza,29819,2025-11-14,2025-11-22,False,Zavrsen,104
728,Solar Sound Stage,69072,2025-11-29,2025-12-02,False,Zavrsen,121
729,Nova Echo Hill,14388,2025-12-11,2025-12-20,True,Planiran,661
730,Jazz Echo Arena,263,2025-12-28,2026-01-01,True,Planiran,714
731,Neon Vibes Dome,37624,2025-11-25,2025-11-27,True,Zavrsen,74
732,Neon Rhythm Arena,85659,2025-11-26,2025-11-27,True,Zavrsen,334
733,Dream Storm Dome,97128,2025-11-27,2025-12-04,True,Aktivan,405
734,Electric Fest Dome,65315,2025-11-16,2025-11-22,False,Zavrsen,773
735,Lunar Echo Valley,86999,2025-12-26,2026-01-02,False,Planiran,588
736,Golden Aura Hall,85053,2025-12-17,2025-12-22,True,Planiran,562
737,Cosmic Wave Arena,53889,2025-11-02,2025-11-10,False,Zavrsen,409
738,Cosmic Horizon Valley,17057,2025-11-03,2025-11-12,True,Zavrsen,570
739,Lunar Beats Court,43069,2025-11-29,2025-12-05,True,Aktivan,364
740,Midnight Fest Oasis,98720,2025-12-05,2025-12-15,False,Planiran,276
741,Silent Wave Garden,76631,2025-11-02,2025-11-08,True,Zavrsen,131
742,Solar Harmony Dome,39521,2025-12-19,2025-12-25,True,Planiran,943
743,Nova Melody Arena,35412,2025-12-21,2025-12-25,True,Planiran,399
744,Electric Storm Theater,21219,2025-12-12,2025-12-18,False,Planiran,719
745,Cosmic Fest Park,55951,2025-11-03,2025-11-04,False,Zavrsen,719
746,Rock Aura Beach,2384,2025-11-22,2025-12-02,True,Zavrsen,558
747,Midnight Pulse Beach,81158,2025-12-04,2025-12-07,True,Aktivan,89
748,Wild Jam Oasis,14422,2025-11-28,2025-12-02,False,Zavrsen,787
749,Wild Horizon Plaza,86964,2025-11-26,2025-12-04,True,Aktivan,469
750,Silent Groove Arena,24462,2025-11-21,2025-11-27,False,Zavrsen,775
751,Golden Rhythm Hill,75602,2025-12-17,2025-12-19,False,Planiran,779
752,Sunset Echo Field,17540,2025-12-12,2025-12-13,False,Planiran,974
753,Electric Horizon Valley,55133,2025-11-20,2025-11-29,True,Zavrsen,856
754,Sunset Storm Court,89443,2025-11-14,2025-11-16,True,Zavrsen,629
755,Jazz Vibes Court,55328,2025-12-07,2025-12-09,False,Planiran,857
756,Lunar Tempo Hall,36535,2025-11-05,2025-11-14,True,Zavrsen,906
757,Jazz Echo Stage,87224,2025-12-21,2025-12-30,False,Planiran,555
758,Cosmic Sound Valley,71194,2025-11-29,2025-12-09,True,Aktivan,455
759,Nova Echo Garden,19128,2025-11-20,2025-11-21,False,Zavrsen,21
760,Cosmic Sound Hill,86394,2025-12-21,2025-12-27,True,Planiran,532
761,Solar Era Dome,32437,2025-12-13,2025-12-19,False,Planiran,688
762,Cosmic Jam Plaza,22914,2025-12-18,2025-12-23,False,Planiran,916
763,Dream Groove Beach,91511,2025-11-09,2025-11-10,True,Zavrsen,891
764,Lunar Vibes Theater,60261,2025-11-29,2025-11-30,False,Zavrsen,94
765,Radiant Fest Hill,54178,2025-11-13,2025-11-20,False,Zavrsen,392
766,Sunset Sound Dome,34049,2025-11-12,2025-11-15,False,Zavrsen,703
767,Crystal Vibes Plaza,62517,2025-12-21,2025-12-23,True,Planiran,881
768,Harmony Era Park,32159,2025-12-12,2025-12-20,True,Planiran,507
769,Lunar Wave Valley,21209,2025-12-14,2025-12-15,False,Planiran,376
770,Dream Beats Valley,55761,2025-12-15,2025-12-23,False,Planiran,113
771,Cosmic Harmony Stage,43752,2025-12-13,2025-12-21,True,Planiran,871
772,Electric Horizon Valley,96639,2025-11-11,2025-11-15,False,Zavrsen,566
773,Lunar Aura Oasis,32682,2025-12-07,2025-12-15,False,Planiran,746
774,Midnight Era Hall,52086,2025-11-21,2025-11-22,False,Zavrsen,13
775,Electric Echo Park,5157,2025-12-06,2025-12-13,True,Planiran,576
776,Wild Horizon Arena,79832,2025-12-14,2025-12-18,True,Planiran,994
777,Golden Jam Valley,89046,2025-12-22,2025-12-24,True,Planiran,689
778,Electric Harmony Square,16845,2025-11-18,2025-11-20,False,Zavrsen,666
779,Mystic Sound Theater,59105,2025-11-10,2025-11-20,False,Zavrsen,5
780,Electric Vibes Court,47430,2025-11-02,2025-11-09,True,Zavrsen,200
781,Dream Fest Hall,2752,2025-12-31,2026-01-08,False,Planiran,786
782,Midnight Wave Field,70027,2025-12-12,2025-12-18,True,Planiran,951
783,Lunar Tempo Theater,94701,2025-11-13,2025-11-19,True,Zavrsen,753
784,Jazz Groove Plaza,46220,2025-11-20,2025-11-22,False,Zavrsen,413
785,Radiant Soul Park,13036,2025-11-02,2025-11-07,True,Zavrsen,807
786,Midnight Era Garden,52864,2025-12-26,2025-12-28,False,Planiran,851
787,Midnight Horizon Plaza,2506,2025-11-24,2025-11-30,True,Zavrsen,847
788,Harmony Echo Plaza,62721,2025-12-08,2025-12-18,False,Planiran,325
789,Nova Sound Beach,3245,2025-11-29,2025-12-06,False,Aktivan,742
790,Solar Aura Oasis,3396,2025-11-14,2025-11-22,True,Zavrsen,829
791,Silent Aura Oasis,58249,2025-12-13,2025-12-21,True,Planiran,807
792,Cosmic Aura Arena,97594,2025-11-25,2025-11-28,False,Zavrsen,174
793,Radiant Aura Dome,69465,2025-12-17,2025-12-25,False,Planiran,983
794,Rock Aura Beach,45705,2025-12-25,2026-01-02,True,Planiran,232
795,Wild Echo Arena,73574,2025-12-26,2025-12-29,True,Planiran,759
796,Cosmic Melody Field,37970,2025-11-12,2025-11-20,True,Zavrsen,523
797,Harmony Groove Beach,84742,2025-12-13,2025-12-22,True,Planiran,413
798,Dream Storm Stage,25210,2025-11-22,2025-11-27,False,Zavrsen,163
799,Silent Echo Theater,83800,2025-12-22,2025-12-28,False,Planiran,2
800,Lunar Horizon Hall,91000,2025-11-17,2025-11-23,True,Zavrsen,625
801,Dream Fest Park,29178,2025-12-28,2026-01-06,True,Planiran,472
802,Golden Fest Beach,94695,2025-11-11,2025-11-16,True,Zavrsen,805
803,Rock Vibes Square,83473,2025-12-21,2025-12-24,False,Planiran,92
804,Electric Sound Stage,57187,2025-11-08,2025-11-10,True,Zavrsen,518
805,Rock Tempo Valley,70633,2025-12-19,2025-12-20,False,Planiran,87
806,Rock Groove Hall,9172,2025-12-13,2025-12-18,False,Planiran,341
807,Crystal Groove Pier,53343,2025-11-10,2025-11-14,True,Zavrsen,748
808,Electric Rhythm Dome,67728,2025-12-03,2025-12-06,True,Aktivan,860
809,Solar Storm Arena,53825,2025-12-14,2025-12-18,True,Planiran,884
810,Sunset Sound Plaza,37464,2025-11-24,2025-12-02,True,Zavrsen,309
811,Lunar Vibes Hill,50252,2025-12-14,2025-12-17,True,Planiran,831
812,Radiant Era Dome,20078,2025-12-28,2025-12-29,True,Planiran,58
813,Silent Pulse Park,57846,2025-12-23,2025-12-25,False,Planiran,11
814,Wild Soul Arena,47883,2025-11-29,2025-12-06,False,Aktivan,259
815,Wild Horizon Pier,23393,2025-11-08,2025-11-12,True,Zavrsen,203
816,Silent Fest Hill,4335,2025-11-29,2025-12-08,True,Aktivan,220
817,Silent Tempo Theater,90281,2025-12-21,2025-12-26,True,Planiran,778
818,Midnight Pulse Square,45323,2025-11-30,2025-12-03,True,Zavrsen,800
819,Rock Jam Plaza,82140,2025-12-03,2025-12-07,True,Aktivan,455
820,Lunar Echo Field,10975,2025-11-03,2025-11-06,True,Zavrsen,733
821,Dream Pulse Stage,16598,2025-11-01,2025-11-02,False,Zavrsen,425
822,Rock Groove Valley,84937,2025-11-08,2025-11-13,True,Zavrsen,560
823,Wild Wave Oasis,32599,2025-12-30,2026-01-06,False,Planiran,348
824,Sunset Horizon Pier,17916,2025-11-02,2025-11-06,False,Zavrsen,876
825,Crystal Sound Valley,75177,2025-11-25,2025-12-01,False,Zavrsen,803
826,Neon Beats Hill,56904,2025-11-14,2025-11-23,False,Zavrsen,87
827,Silent Soul Field,41986,2025-12-26,2025-12-30,False,Planiran,439
828,Sunset Aura Oasis,33671,2025-11-10,2025-11-19,False,Zavrsen,652
829,Neon Fest Field,38771,2025-11-25,2025-12-04,True,Aktivan,125
830,Electric Harmony Field,28127,2025-12-19,2025-12-27,True,Planiran,677
831,Mystic Melody Oasis,66252,2025-11-21,2025-12-01,True,Zavrsen,21
832,Mystic Rhythm Park,94233,2025-11-02,2025-11-07,True,Zavrsen,449
833,Crystal Melody Field,97553,2025-11-16,2025-11-20,False,Zavrsen,403
834,Electric Beats Beach,40458,2025-11-07,2025-11-15,False,Zavrsen,600
835,Solar Harmony Field,54527,2025-11-11,2025-11-15,True,Zavrsen,754
836,Mystic Pulse Arena,49987,2025-11-08,2025-11-10,True,Zavrsen,256
837,Crystal Rhythm Park,89210,2025-12-02,2025-12-08,True,Aktivan,505
838,Silent Tempo Square,18543,2025-12-10,2025-12-18,True,Planiran,538
839,Radiant Sound Garden,62340,2025-11-30,2025-12-02,False,Zavrsen,935
840,Sunset Storm Hall,86133,2025-11-23,2025-12-03,True,Zavrsen,468
841,Neon Soul Stage,81922,2025-12-29,2026-01-08,True,Planiran,23
842,Rock Groove Dome,2211,2025-11-04,2025-11-09,True,Zavrsen,81
843,Rock Echo Pier,3215,2025-11-22,2025-11-30,False,Zavrsen,86
844,Cosmic Rhythm Oasis,87125,2025-11-05,2025-11-08,True,Zavrsen,690
845,Solar Aura Plaza,7114,2025-12-06,2025-12-14,True,Planiran,870
846,Rock Echo Dome,56246,2025-12-05,2025-12-06,False,Planiran,421
847,Mystic Sound Park,22389,2025-11-05,2025-11-14,False,Zavrsen,276
848,Golden Soul Dome,11219,2025-11-05,2025-11-15,False,Zavrsen,716
849,Mystic Tempo Hill,61276,2025-11-03,2025-11-08,True,Zavrsen,856
850,Cosmic Tempo Garden,24674,2025-12-26,2026-01-04,False,Planiran,595
851,Dream Horizon Field,7052,2025-11-06,2025-11-13,False,Zavrsen,609
852,Silent Sound Square,41299,2025-11-19,2025-11-25,True,Zavrsen,650
853,Nova Soul Stage,71370,2025-11-10,2025-11-15,True,Zavrsen,843
854,Midnight Echo Square,48530,2025-12-08,2025-12-13,True,Planiran,922
855,Electric Harmony Park,13757,2025-12-31,2026-01-05,True,Planiran,302
856,Nova Aura Arena,10183,2025-11-01,2025-11-10,True,Zavrsen,690
857,Lunar Groove Hall,77675,2025-12-20,2025-12-25,True,Planiran,184
858,Mystic Rhythm Hall,3977,2025-11-16,2025-11-21,False,Zavrsen,765
859,Electric Harmony Arena,65047,2025-12-07,2025-12-11,True,Planiran,907
860,Mystic Vibes Dome,51580,2025-12-23,2025-12-30,True,Planiran,610
861,Mystic Storm Oasis,58006,2025-11-20,2025-11-23,True,Zavrsen,124
862,Neon Echo Field,70592,2025-11-04,2025-11-13,True,Zavrsen,692
863,Crystal Melody Plaza,17632,2025-11-02,2025-11-06,False,Zavrsen,905
864,Wild Harmony Stage,91330,2025-12-11,2025-12-21,True,Planiran,632
865,Golden Wave Court,90095,2025-12-10,2025-12-14,True,Planiran,617
866,Electric Aura Field,3582,2025-12-07,2025-12-10,True,Planiran,173
867,Cosmic Rhythm Park,56750,2025-11-12,2025-11-14,False,Zavrsen,841
868,Golden Melody Court,72562,2025-11-25,2025-11-27,True,Zavrsen,404
869,Neon Pulse Court,6180,2025-11-23,2025-11-26,False,Zavrsen,841
870,Jazz Jam Plaza,80242,2025-12-31,2026-01-09,True,Planiran,860
871,Solar Melody Stage,6696,2025-11-12,2025-11-15,True,Zavrsen,846
872,Solar Storm Field,69543,2025-11-11,2025-11-16,False,Zavrsen,256
873,Dream Soul Garden,71886,2025-11-17,2025-11-24,True,Zavrsen,25
874,Radiant Tempo Garden,24769,2025-12-12,2025-12-14,False,Planiran,776
875,Mystic Melody Pier,45914,2025-11-18,2025-11-25,True,Zavrsen,402
876,Silent Pulse Field,96028,2025-11-09,2025-11-15,True,Zavrsen,533
877,Golden Era Plaza,25237,2025-12-21,2025-12-30,True,Planiran,775
878,Electric Groove Park,74806,2025-12-24,2026-01-03,False,Planiran,25
879,Jazz Fest Park,46746,2025-11-05,2025-11-11,False,Zavrsen,411
880,Wild Soul Theater,84969,2025-11-08,2025-11-13,True,Zavrsen,3
881,Electric Tempo Square,2739,2025-12-03,2025-12-13,False,Aktivan,379
882,Cosmic Storm Dome,63052,2025-11-05,2025-11-08,False,Zavrsen,992
883,Sunset Rhythm Court,80741,2025-12-29,2025-12-30,True,Planiran,264
884,Solar Rhythm Valley,10753,2025-11-17,2025-11-24,False,Zavrsen,301
885,Nova Jam Theater,55432,2025-11-13,2025-11-19,True,Zavrsen,188
886,Solar Harmony Hill,18362,2025-12-04,2025-12-05,True,Aktivan,642
887,Electric Wave Square,59447,2025-12-11,2025-12-12,True,Planiran,565
888,Electric Groove Arena,34994,2025-11-24,2025-11-26,True,Zavrsen,22
889,Midnight Tempo Theater,52507,2025-12-22,2025-12-25,False,Planiran,501
890,Jazz Groove Square,55939,2025-12-25,2025-12-26,False,Planiran,905
891,Cosmic Wave Beach,53949,2025-11-21,2025-11-25,True,Zavrsen,39
892,Golden Storm Hill,90915,2025-11-13,2025-11-19,True,Zavrsen,402
893,Jazz Harmony Court,7953,2025-11-05,2025-11-06,True,Zavrsen,505
894,Dream Soul Theater,30613,2025-11-29,2025-12-03,False,Zavrsen,401
895,Wild Wave Garden,18625,2025-11-08,2025-11-18,False,Zavrsen,165
896,Neon Harmony Hill,62819,2025-12-08,2025-12-16,True,Planiran,645
897,Midnight Soul Plaza,53983,2025-12-08,2025-12-12,True,Planiran,718
898,Lunar Beats Valley,69493,2025-11-18,2025-11-27,True,Zavrsen,930
899,Electric Storm Dome,21015,2025-11-06,2025-11-11,True,Zavrsen,965
900,Jazz Tempo Oasis,67901,2025-11-06,2025-11-16,False,Zavrsen,296
901,Cosmic Soul Arena,65575,2025-12-02,2025-12-04,False,Aktivan,259
902,Nova Wave Arena,61996,2025-11-22,2025-11-27,True,Zavrsen,655
903,Neon Horizon Park,89518,2025-12-07,2025-12-09,True,Planiran,163
904,Electric Jam Beach,19620,2025-11-25,2025-12-02,True,Zavrsen,961
905,Golden Melody Square,8152,2025-11-25,2025-11-26,True,Zavrsen,72
906,Golden Era Field,86618,2025-11-24,2025-11-29,False,Zavrsen,97
907,Dream Groove Oasis,67580,2025-12-01,2025-12-07,False,Aktivan,986
908,Lunar Rhythm Park,99175,2025-12-28,2025-12-29,True,Planiran,272
909,Cosmic Melody Square,37263,2025-11-23,2025-11-25,False,Zavrsen,255
910,Cosmic Jam Field,42113,2025-11-03,2025-11-08,False,Zavrsen,400
911,Electric Era Plaza,33657,2025-11-18,2025-11-24,False,Zavrsen,797
912,Solar Era Theater,25404,2025-11-23,2025-11-29,True,Zavrsen,86
913,Jazz Era Court,16575,2025-12-24,2025-12-27,False,Planiran,8
914,Harmony Era Garden,33105,2025-12-19,2025-12-25,False,Planiran,866
915,Nova Jam Oasis,25473,2025-12-06,2025-12-16,False,Planiran,866
916,Crystal Sound Court,58885,2025-11-18,2025-11-25,False,Zavrsen,287
917,Neon Echo Valley,92565,2025-11-30,2025-12-02,False,Zavrsen,413
918,Dream Beats Garden,55524,2025-12-07,2025-12-14,True,Planiran,389
919,Nova Groove Arena,99382,2025-11-01,2025-11-07,True,Zavrsen,969
920,Solar Vibes Dome,88623,2025-11-10,2025-11-13,False,Zavrsen,734
921,Golden Sound Pier,28023,2025-11-01,2025-11-05,True,Zavrsen,740
922,Jazz Jam Garden,57634,2025-12-14,2025-12-16,False,Planiran,876
923,Lunar Era Garden,11206,2025-12-03,2025-12-08,True,Aktivan,166
924,Sunset Rhythm Oasis,38636,2025-12-21,2025-12-22,True,Planiran,922
925,Nova Storm Hall,32724,2025-11-13,2025-11-19,False,Zavrsen,580
926,Cosmic Groove Pier,40638,2025-12-14,2025-12-16,True,Planiran,987
927,Harmony Echo Field,19820,2025-11-22,2025-12-02,True,Zavrsen,717
928,Mystic Fest Hill,85436,2025-12-13,2025-12-23,True,Planiran,717
929,Wild Fest Plaza,15213,2025-11-01,2025-11-07,False,Zavrsen,482
930,Crystal Fest Beach,99924,2025-11-04,2025-11-08,True,Zavrsen,547
931,Wild Jam Arena,83945,2025-11-25,2025-11-26,False,Zavrsen,687
932,Lunar Melody Pier,58290,2025-11-06,2025-11-14,False,Zavrsen,770
933,Neon Storm Park,87143,2025-12-10,2025-12-13,False,Planiran,912
934,Neon Wave Theater,93886,2025-11-07,2025-11-12,True,Zavrsen,922
935,Harmony Fest Arena,71009,2025-11-29,2025-12-04,True,Aktivan,533
936,Lunar Tempo Hill,18489,2025-12-08,2025-12-17,True,Planiran,395
937,Harmony Vibes Valley,23592,2025-12-23,2025-12-30,True,Planiran,912
938,Mystic Aura Dome,21242,2025-12-23,2025-12-25,False,Planiran,64
939,Harmony Harmony Court,25853,2025-12-26,2025-12-29,True,Planiran,21
940,Wild Aura Beach,18319,2025-12-23,2025-12-29,False,Planiran,521
941,Nova Groove Hall,77484,2025-12-31,2026-01-01,False,Planiran,282
942,Lunar Echo Pier,75014,2025-12-27,2026-01-03,False,Planiran,531
943,Wild Horizon Valley,12541,2025-12-25,2025-12-27,False,Planiran,703
944,Wild Sound Square,7923,2025-11-24,2025-11-30,True,Zavrsen,20
945,Sunset Era Stage,36371,2025-11-18,2025-11-19,False,Zavrsen,212
946,Radiant Fest Court,25770,2025-11-15,2025-11-23,False,Zavrsen,199
947,Golden Sound Valley,18533,2025-12-06,2025-12-15,False,Planiran,91
948,Lunar Vibes Garden,511,2025-12-03,2025-12-12,True,Aktivan,159
949,Silent Wave Hill,65913,2025-12-26,2025-12-27,False,Planiran,726
950,Silent Fest Field,7366,2025-12-20,2025-12-24,False,Planiran,433
951,Electric Horizon Dome,22968,2025-11-24,2025-12-04,False,Aktivan,374
952,Solar Echo Plaza,23123,2025-11-26,2025-12-02,False,Zavrsen,651
953,Lunar Echo Dome,88418,2025-11-04,2025-11-07,True,Zavrsen,319
954,Harmony Rhythm Garden,88150,2025-12-04,2025-12-08,False,Aktivan,814
955,Radiant Fest Pier,18284,2025-11-17,2025-11-18,False,Zavrsen,948
956,Wild Aura Court,42960,2025-12-08,2025-12-17,True,Planiran,532
957,Midnight Echo Pier,37276,2025-12-06,2025-12-08,False,Planiran,956
958,Golden Storm Hall,51764,2025-12-06,2025-12-10,False,Planiran,823
959,Sunset Tempo Valley,7173,2025-12-29,2025-12-31,True,Planiran,118
960,Harmony Soul Park,48483,2025-11-28,2025-12-01,True,Zavrsen,742
961,Sunset Storm Stage,95456,2025-11-04,2025-11-14,False,Zavrsen,544
962,Golden Melody Park,72623,2025-12-08,2025-12-17,True,Planiran,328
963,Silent Soul Square,98833,2025-12-02,2025-12-12,False,Aktivan,756
964,Golden Melody Beach,69551,2025-11-03,2025-11-13,True,Zavrsen,145
965,Silent Echo Hall,26769,2025-12-11,2025-12-19,True,Planiran,884
966,Dream Melody Park,17384,2025-11-28,2025-11-30,True,Zavrsen,29
967,Lunar Era Field,12198,2025-11-14,2025-11-21,False,Zavrsen,110
968,Solar Soul Beach,70907,2025-12-21,2025-12-29,True,Planiran,122
969,Radiant Sound Pier,44902,2025-12-31,2026-01-01,True,Planiran,155
970,Dream Beats Garden,74644,2025-12-19,2025-12-22,True,Planiran,293
971,Crystal Rhythm Hall,99621,2025-12-27,2026-01-04,False,Planiran,956
972,Jazz Soul Oasis,83017,2025-12-31,2026-01-03,False,Planiran,979
973,Midnight Echo Plaza,16830,2025-12-04,2025-12-09,False,Aktivan,332
974,Harmony Rhythm Court,35935,2025-12-27,2026-01-02,False,Planiran,520
975,Radiant Horizon Stage,94667,2025-11-16,2025-11-23,True,Zavrsen,267
976,Wild Beats Theater,367,2025-12-20,2025-12-26,False,Planiran,876
977,Rock Beats Valley,35556,2025-12-21,2025-12-24,False,Planiran,441
978,Sunset Fest Theater,90964,2025-12-22,2025-12-29,True,Planiran,153
979,Silent Rhythm Plaza,74971,2025-12-15,2025-12-20,False,Planiran,593
980,Radiant Fest Valley,36051,2025-12-23,2026-01-02,False,Planiran,634
981,Lunar Harmony Garden,44202,2025-12-10,2025-12-11,True,Planiran,924
982,Wild Pulse Stage,41767,2025-11-11,2025-11-17,True,Zavrsen,193
983,Sunset Soul Valley,21125,2025-11-25,2025-11-27,False,Zavrsen,161
984,Sunset Jam Plaza,20906,2025-11-18,2025-11-28,True,Zavrsen,825
985,Radiant Vibes Field,93211,2025-12-12,2025-12-15,True,Planiran,78
986,Harmony Soul Hill,49035,2025-12-13,2025-12-22,False,Planiran,251
987,Electric Harmony Court,60170,2025-11-10,2025-11-14,True,Zavrsen,909
988,Electric Soul Court,90215,2025-12-26,2025-12-29,False,Planiran,528
989,Electric Pulse Stage,29172,2025-11-27,2025-12-05,False,Aktivan,370
990,Crystal Beats Stage,92243,2025-12-03,2025-12-11,False,Aktivan,372
991,Harmony Sound Garden,87363,2025-12-22,2025-12-30,True,Planiran,30
992,Cosmic Jam Valley,6135,2025-11-21,2025-11-24,True,Zavrsen,810
993,Mystic Pulse Court,32476,2025-11-22,2025-11-28,False,Zavrsen,376
994,Midnight Beats Oasis,88796,2025-11-20,2025-11-29,False,Zavrsen,117
995,Jazz Harmony Dome,86324,2025-12-09,2025-12-19,False,Planiran,87
996,Mystic Horizon Park,22196,2025-11-10,2025-11-11,False,Zavrsen,491
997,Harmony Soul Valley,72027,2025-12-06,2025-12-16,True,Planiran,323
998,Golden Fest Park,54954,2025-11-12,2025-11-21,False,Zavrsen,384
999,Cosmic Tempo Pier,42970,2025-11-11,2025-11-16,False,Zavrsen,933
1000,Lunar Beats Plaza,95907,2025-12-06,2025-12-12,True,Planiran,257
